month,total_income
Juli,32480.600000000035
Mei,31260.550000000032
Agustus,31234.600000000031
Januari,31196.750000000025
Maret,30899.350000000042
November,30372.20000000003
April,30183.000000000036
Juni,29715.350000000035
Desember,28387.300000000032
September,28016.450000000026
Februaari,27979.800000000028
Oktober,27502.600000000031